timestamp,action_type,item_id,source,user_answer,platform
1548159024199,enter,b2340,diagnosis,,mobile
1548159034770,respond,q3808,diagnosis,d,mobile
1548159038405,submit,b2340,diagnosis,,mobile
1548159038524,enter,b1101,diagnosis,,mobile
1548159059387,respond,q1101,diagnosis,a,mobile
1548159066950,submit,b1101,diagnosis,,mobile
1548159067023,enter,b4337,diagnosis,,mobile
1548159090735,respond,q5805,diagnosis,c,mobile
1548159093816,submit,b4337,diagnosis,,mobile
1548159093883,enter,b218,diagnosis,,mobile
1548159112893,respond,q218,diagnosis,b,mobile
1548159116846,submit,b218,diagnosis,,mobile
1548159116912,enter,b380,diagnosis,,mobile
1548159134655,respond,q380,diagnosis,b,mobile
1548159138457,submit,b380,diagnosis,,mobile
1548159138525,enter,b7402,diagnosis,,mobile
1548159159582,respond,q10051,diagnosis,c,mobile
1548159163094,submit,b7402,diagnosis,,mobile
1548159163166,enter,b3898,diagnosis,,mobile
1548159210121,respond,q5366,diagnosis,b,mobile
1548159216154,submit,b3898,diagnosis,,mobile
1548159415394,enter,b1051,sprint,,mobile
1548159430888,respond,q1051,sprint,c,mobile
1548159433447,submit,b1051,sprint,,mobile
1548159452577,enter,b457,sprint,,mobile
1548159463536,respond,q457,sprint,a,mobile
1548159466316,submit,b457,sprint,,mobile
1548159475524,enter,b370,sprint,,mobile
1548159491637,respond,q370,sprint,c,mobile
1548159495211,submit,b370,sprint,,mobile
1548159499515,enter,b8312,sprint,,mobile
1548159516612,respond,q11259,sprint,b,mobile
1548159519296,submit,b8312,sprint,,mobile
1548159522881,enter,b1376,sprint,,mobile
1548159538873,respond,q1376,sprint,a,mobile
1548159541821,submit,b1376,sprint,,mobile
1548159547480,enter,b366,sprint,,mobile
1548159563524,respond,q366,sprint,a,mobile
1548159566090,submit,b366,sprint,,mobile
1548159571327,enter,b720,sprint,,mobile
1548159589313,respond,q720,sprint,a,mobile
1548159591968,submit,b720,sprint,,mobile
1548159596720,enter,b8315,sprint,,mobile
1548159608966,respond,q11262,sprint,a,mobile
1548159611426,submit,b8315,sprint,,mobile
1548159615085,enter,b1280,sprint,,mobile
1548159631374,respond,q1280,sprint,c,mobile
1548159633356,respond,q1280,sprint,a,mobile
1548159636314,submit,b1280,sprint,,mobile
1548159642632,enter,b698,sprint,,mobile
1548159660784,respond,q698,sprint,c,mobile
1548159662885,submit,b698,sprint,,mobile
1548159698085,enter,b2996,sprint,,mobile
1548159730607,respond,q4464,sprint,c,mobile
1548159734716,submit,b2996,sprint,,mobile
1548159751590,enter,b4659,sprint,,mobile
1548159765869,respond,q6127,sprint,a,mobile
1548159770023,submit,b4659,sprint,,mobile
1548159776677,enter,b4218,sprint,,mobile
1548159784256,respond,q5686,sprint,d,mobile
1548159786545,submit,b4218,sprint,,mobile
1548159800255,enter,b6146,sprint,,mobile
1548159809828,respond,q8795,sprint,d,mobile
1548159812716,submit,b6146,sprint,,mobile
1548159819159,enter,b3418,sprint,,mobile
1548159836012,respond,q4886,sprint,a,mobile
1548159838793,submit,b3418,sprint,,mobile
1548159861482,enter,b3029,sprint,,mobile
1548159875945,respond,q4497,sprint,c,mobile
1548159879418,submit,b3029,sprint,,mobile
1548159885571,enter,b3592,sprint,,mobile
1548159910317,respond,q5060,sprint,c,mobile
1548159913203,submit,b3592,sprint,,mobile
1548159934774,enter,b6297,sprint,,mobile
1548159943249,respond,q8946,sprint,a,mobile
1548159948517,submit,b6297,sprint,,mobile
1548160063353,enter,b4191,sprint,,mobile
1548160076029,respond,q5659,sprint,c,mobile
1548160079367,submit,b4191,sprint,,mobile
1548160101544,enter,b3992,sprint,,mobile
1548160112692,respond,q5460,sprint,a,mobile
1548160115156,submit,b3992,sprint,,mobile
1548213645236,enter,b413,sprint,,mobile
1548213660463,respond,q413,sprint,c,mobile
1548213662918,submit,b413,sprint,,mobile
1548213669513,enter,b8316,sprint,,mobile
1548213683301,respond,q11263,sprint,a,mobile
1548213686105,submit,b8316,sprint,,mobile
1548213701188,enter,b835,sprint,,mobile
1548213716997,respond,q835,sprint,a,mobile
1548213719686,submit,b835,sprint,,mobile
1548213731589,enter,b887,sprint,,mobile
1548213749043,respond,q887,sprint,c,mobile
1548213751506,submit,b887,sprint,,mobile
1548213756818,enter,b280,sprint,,mobile
1548213774611,respond,q280,sprint,a,mobile
1548213777037,submit,b280,sprint,,mobile
1548213807401,enter,b8314,sprint,,mobile
1548213828111,respond,q11261,sprint,c,mobile
1548213834078,respond,q11261,sprint,b,mobile
1548213836568,submit,b8314,sprint,,mobile
1548213847700,enter,b810,sprint,,mobile
1548213870791,respond,q810,sprint,a,mobile
1548213873017,submit,b810,sprint,,mobile
1548213884341,enter,b271,sprint,,mobile
1548213899735,respond,q271,sprint,b,mobile
1548213906529,submit,b271,sprint,,mobile
1548213915772,enter,b271,adaptive_offer,,mobile
1548213932427,respond,q271,adaptive_offer,c,mobile
1548213934875,submit,b271,adaptive_offer,,mobile
1548213941781,enter,b835,adaptive_offer,,mobile
1548213958771,respond,q835,adaptive_offer,c,mobile
1548213961650,submit,b835,adaptive_offer,,mobile
1548213974099,enter,b902,sprint,,mobile
1548213989971,respond,q902,sprint,a,mobile
1548213993391,submit,b902,sprint,,mobile
1548213998589,enter,b295,sprint,,mobile
1548214014445,respond,q295,sprint,c,mobile
1548214016863,submit,b295,sprint,,mobile
1548220976631,enter,b3084,sprint,,mobile
1548220989334,respond,q4552,sprint,c,mobile
1548220991946,submit,b3084,sprint,,mobile
1548221033498,enter,b5897,sprint,,mobile
1548221049829,respond,q8546,sprint,c,mobile
1548221052759,submit,b5897,sprint,,mobile
1548221058382,enter,b4180,sprint,,mobile
1548221103538,respond,q5648,sprint,a,mobile
1548221106041,submit,b4180,sprint,,mobile
1548221114928,enter,b2229,sprint,,mobile
1548221120466,respond,q3697,sprint,c,mobile
1548221124760,respond,q3697,sprint,d,mobile
1548221126779,submit,b2229,sprint,,mobile
1548221132266,enter,b2223,sprint,,mobile
1548221140491,respond,q3691,sprint,c,mobile
1548221152975,submit,b2223,sprint,,mobile
1548221162348,enter,b6471,sprint,,mobile
1548221167298,respond,q9120,sprint,b,mobile
1548221169566,submit,b6471,sprint,,mobile
1548221174173,enter,b3635,sprint,,mobile
1548221190037,respond,q5103,sprint,c,mobile
1548221195429,respond,q5103,sprint,b,mobile
1548221197588,respond,q5103,sprint,d,mobile
1548221206149,submit,b3635,sprint,,mobile
1548221251276,enter,b4297,sprint,,mobile
1548221270446,respond,q5765,sprint,a,mobile
1548221273538,submit,b4297,sprint,,mobile
1548221299426,enter,b2467,sprint,,mobile
1548221308069,respond,q3935,sprint,b,mobile
1548221311422,submit,b2467,sprint,,mobile
1548221357415,enter,b7676,sprint,,mobile
1548221385271,respond,q10325,sprint,a,mobile
1548221388056,submit,b7676,sprint,,mobile
1548827387679,enter,b507,sprint,,mobile
1548827405580,respond,q507,sprint,c,mobile
1548827409527,submit,b507,sprint,,mobile
1548827447960,enter,b447,sprint,,mobile
1548827466214,respond,q447,sprint,a,mobile
1548827469191,submit,b447,sprint,,mobile
1548827472834,enter,b921,sprint,,mobile
1548827495102,respond,q921,sprint,b,mobile
1548827497850,submit,b921,sprint,,mobile
1549946778844,enter,b5204,sprint,,mobile
1549946859871,respond,q6912,sprint,a,mobile
1549946863525,submit,b5204,sprint,,mobile
1549946875132,enter,b5087,sprint,,mobile
1549946948638,respond,q6564,sprint,c,mobile
1549946953640,submit,b5087,sprint,,mobile
1549946961197,enter,b5194,sprint,,mobile
1549947042395,respond,q6872,sprint,b,mobile
1549947046661,submit,b5194,sprint,,mobile
1550813529885,enter,b3331,sprint,,mobile
1550813546583,respond,q4799,sprint,b,mobile
1550813549260,submit,b3331,sprint,,mobile
1550813564018,enter,b4720,sprint,,mobile
1550813589508,respond,q6188,sprint,d,mobile
1550813593913,submit,b4720,sprint,,mobile
1550813628542,enter,b3307,sprint,,mobile
1550813650359,respond,q4775,sprint,b,mobile
1550813653083,submit,b3307,sprint,,mobile
1550813722806,enter,b6191,sprint,,mobile
1550813753618,respond,q8840,sprint,c,mobile
1550813756596,submit,b6191,sprint,,mobile
1550813869313,enter,b3921,sprint,,mobile
1550813879666,respond,q5389,sprint,c,mobile
1550813896271,submit,b3921,sprint,,mobile
1550814868583,enter,b2443,sprint,,mobile
1550814873120,respond,q3911,sprint,b,mobile
1550814879341,submit,b2443,sprint,,mobile
1550814910735,enter,b3923,sprint,,mobile
1550814933529,respond,q5391,sprint,a,mobile
1550814941686,submit,b3923,sprint,,mobile
1550814969530,enter,b6136,sprint,,mobile
1550814987969,respond,q8785,sprint,c,mobile
1550814992637,submit,b6136,sprint,,mobile
1550814999636,enter,b4012,sprint,,mobile
1550815004804,respond,q5480,sprint,b,mobile
1550815018138,submit,b4012,sprint,,mobile
1550815024290,enter,b4707,sprint,,mobile
1550815050536,respond,q6175,sprint,a,mobile
1550815055931,submit,b4707,sprint,,mobile
1551258114434,enter,b3010,sprint,,mobile
1551258117797,respond,q4478,sprint,a,mobile
1551258127747,respond,q4478,sprint,b,mobile
1551258132521,submit,b3010,sprint,,mobile
1551258477580,enter,b6899,sprint,,mobile
1551258489617,respond,q9548,sprint,d,mobile
1551258493264,submit,b6899,sprint,,mobile
1551258530300,enter,b2713,sprint,,mobile
1551258539523,respond,q4181,sprint,a,mobile
1551258542421,submit,b2713,sprint,,mobile
1551258577324,enter,b5042,sprint,,mobile
1551258595062,respond,q6510,sprint,c,mobile
1551258599042,submit,b5042,sprint,,mobile
1551834730096,enter,b2707,sprint,,mobile
1551834752677,respond,q4175,sprint,d,mobile
1551834760551,submit,b2707,sprint,,mobile
1551834781680,enter,b7650,sprint,,mobile
1551834787615,respond,q10299,sprint,d,mobile
1551834790538,submit,b7650,sprint,,mobile
1553485766056,enter,b4215,sprint,,mobile
1553485771014,respond,q5683,sprint,a,mobile
1553485774750,submit,b4215,sprint,,mobile
1553584359397,enter,b3211,sprint,,mobile
1553584365114,respond,q4679,sprint,b,mobile
1553584368482,submit,b3211,sprint,,mobile
1554301816821,enter,b4385,sprint,,web
1554301824057,respond,q5853,sprint,c,web
1554301824755,submit,b4385,sprint,,web
1554774826105,enter,b6454,sprint,,mobile
1554774838935,respond,q9103,sprint,b,mobile
1554774854246,submit,b6454,sprint,,mobile
1554774879295,enter,b2339,sprint,,mobile
1554774900231,respond,q3807,sprint,c,mobile
1554774903958,submit,b2339,sprint,,mobile
1554774915151,enter,b3780,sprint,,mobile
1554774927501,respond,q5248,sprint,a,mobile
1554774931201,submit,b3780,sprint,,mobile
1554774946084,enter,b5141,sprint,,mobile
1554774955143,respond,q6735,sprint,b,mobile
1554774959410,submit,b5141,sprint,,mobile
1554774967642,enter,b7131,sprint,,mobile
1554774974010,respond,q9780,sprint,b,mobile
1554774983680,respond,q9780,sprint,c,mobile
1554774989548,submit,b7131,sprint,,mobile
1554775002464,enter,b4097,sprint,,mobile
1554775009296,respond,q5565,sprint,b,mobile
1554775011623,respond,q5565,sprint,c,mobile
1554775014258,submit,b4097,sprint,,mobile
1554775019694,enter,b5138,sprint,,mobile
1554775042811,respond,q6732,sprint,a,mobile
1554775050722,submit,b5138,sprint,,mobile
1554775059781,enter,b4217,sprint,,mobile
1554775074965,respond,q5685,sprint,d,mobile
1554775081321,submit,b4217,sprint,,mobile
1554775090344,enter,b2627,sprint,,mobile
1554775101134,respond,q4095,sprint,c,mobile
1554775105630,submit,b2627,sprint,,mobile
1554775111352,enter,b4394,sprint,,mobile
1554775119516,respond,q5862,sprint,b,mobile
1554775123647,respond,q5862,sprint,a,mobile
1554775127825,submit,b4394,sprint,,mobile
1554775162692,enter,b4385,adaptive_offer,,mobile
1554775170784,respond,q5853,adaptive_offer,a,mobile
1554775173542,respond,q5853,adaptive_offer,b,mobile
1554775176763,submit,b4385,adaptive_offer,,mobile
1554775182207,enter,b4394,adaptive_offer,,mobile
1554775193544,respond,q5862,adaptive_offer,b,mobile
1554775197477,submit,b4394,adaptive_offer,,mobile
1554775209076,enter,b4694,sprint,,mobile
1554775216932,respond,q6162,sprint,b,mobile
1554775220833,submit,b4694,sprint,,mobile
1554775312493,enter,b4707,adaptive_offer,,mobile
1554775319374,respond,q6175,adaptive_offer,a,mobile
1554775321859,respond,q6175,adaptive_offer,d,mobile
1554775326133,submit,b4707,adaptive_offer,,mobile
1554776101936,enter,b439,sprint,,mobile
1554776103213,respond,q439,sprint,a,mobile
1554776107093,submit,b439,sprint,,mobile
1554882555497,enter,b5033,sprint,,mobile
1554882558190,respond,q6501,sprint,a,mobile
1554882559839,respond,q6501,sprint,b,mobile
1554882560724,respond,q6501,sprint,a,mobile
1554882561556,respond,q6501,sprint,c,mobile
1554882562292,respond,q6501,sprint,a,mobile
1554882562943,respond,q6501,sprint,b,mobile
1554882563660,respond,q6501,sprint,d,mobile
1554882564628,respond,q6501,sprint,b,mobile
1554882565192,respond,q6501,sprint,a,mobile
1554882565930,respond,q6501,sprint,b,mobile
1554882566571,respond,q6501,sprint,a,mobile
1554882567178,respond,q6501,sprint,b,mobile
1554882567783,respond,q6501,sprint,c,mobile
1554882568362,respond,q6501,sprint,b,mobile
1554882569533,respond,q6501,sprint,a,mobile
1554882570197,respond,q6501,sprint,b,mobile
1554882570883,respond,q6501,sprint,c,mobile
1554882571615,respond,q6501,sprint,b,mobile
1554882572199,respond,q6501,sprint,a,mobile
1554882572865,respond,q6501,sprint,b,mobile
1554882573701,respond,q6501,sprint,c,mobile
1554882574335,respond,q6501,sprint,b,mobile
1554882574901,respond,q6501,sprint,a,mobile
1554882575869,respond,q6501,sprint,d,mobile
1554882584841,submit,b5033,sprint,,mobile
1558490853423,enter,b6427,sprint,,mobile
1558490862115,respond,q9076,sprint,b,mobile
1558490866294,submit,b6427,sprint,,mobile
1559630183723,enter,b2720,sprint,,mobile
1559630191168,respond,q4188,sprint,a,mobile
1559630195178,submit,b2720,sprint,,mobile
1559630203950,enter,b4944,sprint,,mobile
1559630209255,respond,q6412,sprint,a,mobile
1559630212440,submit,b4944,sprint,,mobile
